{
    "observation.state": {
        "min": [
            140.2734375,
            118.388671875,
            213.92578125,
            225.52734375,
            187.03125,
            178.2421875
        ],
        "max": [
            162.158203125,
            156.26953125,
            262.001953125,
            267.36328125,
            221.30859375,
            178.59375
        ],
        "mean": [
            153.9952392578125,
            133.02540588378906,
            240.9114532470703,
            248.00332641601562,
            201.3035125732422,
            178.45538330078125
        ],
        "std": [
            7.700573444366455,
            12.891070365905762,
            20.351308822631836,
            13.787590980529785,
            16.291173934936523,
            0.0
        ],
        "count": [
            305
        ],
        "q01": [
            140.2734375,
            118.388671875,
            213.92578125,
            226.75774230957032,
            187.03125,
            178.2421875
        ],
        "q10": [
            145.45871196073645,
            120.84393868879839,
            213.92578125,
            228.4286651611328,
            187.03125,
            178.2421875
        ],
        "q50": [
            155.3010129426655,
            133.240625,
            251.71425437927246,
            238.45408589131122,
            187.47073527744837,
            178.50591881330624
        ],
        "q90": [
            161.89224203009354,
            151.69514901297433,
            261.9988004622921,
            266.9223388671875,
            221.3066766721393,
            178.59373372751517
        ],
        "q99": [
            162.15597699483234,
            156.26376037597657,
            262.0016378587292,
            267.3600933074951,
            221.30840204221394,
            178.59374837275152
        ]
    },
    "action": {
        "min": [
            140.2734375,
            118.388671875,
            213.92578125,
            225.52734375,
            277.03125,
            178.2421875
        ],
        "max": [
            162.158203125,
            156.26953125,
            262.001953125,
            267.36328125,
            311.30859375,
            178.59375
        ],
        "mean": [
            153.9952392578125,
            133.02540588378906,
            240.9114532470703,
            248.00332641601562,
            291.30322265625,
            178.45538330078125
        ],
        "std": [
            7.700573444366455,
            12.891070365905762,
            20.351308822631836,
            13.787590980529785,
            16.2994441986084,
            0.0
        ],
        "count": [
            305
        ],
        "q01": [
            140.2734375,
            118.388671875,
            213.92578125,
            226.75774230957032,
            277.03125,
            178.2421875
        ],
        "q10": [
            145.45871196073645,
            120.84393868879839,
            213.92578125,
            228.4286651611328,
            277.03125,
            178.2421875
        ],
        "q50": [
            155.3010129426655,
            133.240625,
            251.71425437927246,
            238.45408589131122,
            277.4707369123186,
            178.50591881330624
        ],
        "q90": [
            161.89224203009354,
            151.69514901297433,
            261.9988004622921,
            266.9223388671875,
            311.3066724024781,
            178.59373372751517
        ],
        "q99": [
            162.15597699483234,
            156.26376037597657,
            262.0016378587292,
            267.3600933074951,
            311.3084016152478,
            178.59374837275152
        ]
    },
    "observation.images.side": {
        "min": [
            [
                [
                    0.0
                ]
            ],
            [
                [
                    0.0
                ]
            ],
            [
                [
                    0.0
                ]
            ]
        ],
        "max": [
            [
                [
                    1.0
                ]
            ],
            [
                [
                    1.0
                ]
            ],
            [
                [
                    1.0
                ]
            ]
        ],
        "mean": [
            [
                [
                    0.5233067095588235
                ]
            ],
            [
                [
                    0.507578004493464
                ]
            ],
            [
                [
                    0.4825941237745098
                ]
            ]
        ],
        "std": [
            [
                [
                    0.0
                ]
            ],
            [
                [
                    0.0
                ]
            ],
            [
                [
                    0.0
                ]
            ]
        ],
        "count": [
            100
        ],
        "q01": [
            [
                [
                    -3.9215686274509807e-13
                ]
            ],
            [
                [
                    -3.9215686274509807e-13
                ]
            ],
            [
                [
                    0.023563544105793376
                ]
            ]
        ],
        "q10": [
            [
                [
                    0.1136037145128304
                ]
            ],
            [
                [
                    0.11773441533185366
                ]
            ],
            [
                [
                    0.1568884462148703
                ]
            ]
        ],
        "q50": [
            [
                [
                    0.6235257066936415
                ]
            ],
            [
                [
                    0.5961341260537794
                ]
            ],
            [
                [
                    0.5410652452400077
                ]
            ]
        ],
        "q90": [
            [
                [
                    0.7843039114907709
                ]
            ],
            [
                [
                    0.8313971277999963
                ]
            ],
            [
                [
                    0.8823039722916733
                ]
            ]
        ],
        "q99": [
            [
                [
                    0.8508170522144192
                ]
            ],
            [
                [
                    0.8981217027218753
                ]
            ],
            [
                [
                    0.9529766570608739
                ]
            ]
        ]
    },
    "observation.images.downh": {
        "min": [
            [
                [
                    0.0
                ]
            ],
            [
                [
                    0.0
                ]
            ],
            [
                [
                    0.0
                ]
            ]
        ],
        "max": [
            [
                [
                    1.0
                ]
            ],
            [
                [
                    1.0
                ]
            ],
            [
                [
                    1.0
                ]
            ]
        ],
        "mean": [
            [
                [
                    0.5993524652777777
                ]
            ],
            [
                [
                    0.5666125265522876
                ]
            ],
            [
                [
                    0.5500315359477124
                ]
            ]
        ],