{
    "observation.state": {
        "min": [
            141.591796875,
            68.466796875,
            198.10546875,
            228.955078125,
            198.369140625,
            154.951171875
        ],
        "max": [
            192.041015625,
            177.626953125,
            279.31640625,
            276.591796875,
            221.30859375,
            183.33984375
        ],
        "mean": [
            168.45176696777344,
            122.47130584716797,
            237.21435546875,
            253.44532775878906,
            203.39370727539062,
            163.25607299804688
        ],
        "std": [
            19.124540328979492,
            41.65499496459961,
            29.545185089111328,
            10.523967742919922,
            4.404365539550781,
            11.187325477600098
        ],
        "count": [
            932
        ],
        "q01": [
            141.591796875,
            68.466796875,
            198.28023376464844,
            228.955078125,
            198.4603729248047,
            155.29763193141147
        ],
        "q10": [
            141.76384715204654,
            68.466796875,
            198.63542829241072,
            238.44898709383878,
            199.68970864035867,
            155.29896189087597
        ],
        "q50": [
            162.8619666466346,
            121.56230163574219,
            227.114013671875,
            258.84234619140625,
            202.76283205093875,
            155.4767303466797
        ],
        "q90": [
            191.95800195857052,
            167.62570037841797,
            274.7484127807617,
            264.11523222081803,
            204.17136398841595,
            183.33433303833007
        ],
        "q99": [
            192.03807806015016,
            177.61942116066263,
            279.3012749023438,
            274.216435546875,
            221.30746728194387,
            183.339292678833
        ]
    },
    "action": {
        "min": [
            141.591796875,
            68.466796875,
            198.10546875,
            228.955078125,
            288.369140625,
            154.951171875
        ],
        "max": [
            192.041015625,
            177.626953125,
            279.31640625,
            276.591796875,
            311.30859375,
            183.33984375
        ],
        "mean": [
            168.45176696777344,
            122.47130584716797,
            237.21435546875,
            253.44532775878906,
            293.3945617675781,
            163.25607299804688
        ],
        "std": [
            19.124540328979492,
            41.65499496459961,
            29.545185089111328,
            10.523967742919922,
            4.347233295440674,
            11.187325477600098
        ],
        "count": [
            932
        ],
        "q01": [
            141.591796875,
            68.466796875,
            198.28023376464844,
            228.955078125,
            288.4603847249349,
            155.29763193141147
        ],
        "q10": [
            141.76384715204654,
            68.466796875,
            198.63542829241072,
            238.44898709383878,
            289.6897061434659,
            155.29896189087597
        ],
        "q50": [
            162.8619666466346,
            121.56230163574219,
            227.114013671875,
            258.84234619140625,
            292.76283707157256,
            155.4767303466797
        ],
        "q90": [
            191.95800195857052,
            167.62570037841797,
            274.7484127807617,
            264.11523222081803,
            294.17136882913525,
            183.33433303833007
        ],
        "q99": [
            192.03807806015016,
            177.61942116066263,
            279.3012749023438,
            274.216435546875,
            311.30747102436266,
            183.339292678833
        ]
    },
    "observation.images.side": {
        "min": [
            [
                [
                    0.0
                ]
            ],
            [
                [
                    0.0
                ]
            ],
            [
                [
                    0.0
                ]
            ]
        ],
        "max": [
            [
                [
                    1.0
                ]
            ],
            [
                [
                    1.0
                ]
            ],
            [
                [
                    1.0
                ]
            ]
        ],
        "mean": [
            [
                [
                    0.5481161954365079
                ]
            ],
            [
                [
                    0.53112182320845
                ]
            ],
            [
                [
                    0.5075948940340025
                ]
            ]
        ],
        "std": [
            [
                [
                    0.0
                ]
            ],
            [
                [
                    0.0
                ]
            ],
            [
                [
                    0.0
                ]
            ]
        ],
        "count": [
            168
        ],
        "q01": [
            [
                [
                    0.003870124013139626
                ]
            ],
            [
                [
                    0.0039174440890677835
                ]
            ],
            [
                [
                    0.035202181817817264
                ]
            ]
        ],
        "q10": [
            [
                [
                    0.12146863542557991
                ]
            ],
            [
                [
                    0.12940792178967103
                ]
            ],
            [
                [
                    0.1687499873138925
                ]
            ]
        ],
        "q50": [
            [
                [
                    0.6509527805662696
                ]
            ],
            [
                [
                    0.6235625642252134
                ]
            ],
            [
                [
                    0.5803392569403512
                ]
            ]
        ],
        "q90": [
            [
                [
                    0.7961837931036806
                ]
            ],
            [
                [
                    0.8509952608608031
                ]
            ],
            [
                [
                    0.9018291137796176
                ]
            ]
        ],
        "q99": [
            [
                [
                    0.8705175524277539
                ]
            ],
            [
                [
                    0.9136898581563527
                ]
            ],
            [
                [
                    0.976563967230128
                ]
            ]
        ]
    },
    "observation.images.down": {
        "min": [
            [
                [
                    0.0
                ]
            ],
            [
                [
                    0.0
                ]
            ],
            [
                [
                    0.0
                ]
            ]
        ],
        "max": [
            [
                [
                    1.0
                ]
            ],
            [
                [
                    1.0
                ]
            ],
            [
                [
                    1.0
                ]
            ]
        ],
        "mean": [
            [
                [
                    0.6020285716717243
                ]
            ],
            [
                [
                    0.573296015454793
                ]
            ],
            [
                [
                    0.5528222273284313
                ]
            ]
        ],