{
    "observation.state": {
        "min": [
            156.005859375,
            68.37890625,
            167.080078125,
            237.744140625,
            182.63671875,
            154.6875
        ],
        "max": [
            193.53515625,
            171.650390625,
            273.251953125,
            280.810546875,
            271.93359375,
            184.130859375
        ],
        "mean": [
            175.22007751464844,
            136.60525512695312,
            218.5790557861328,
            271.09161376953125,
            231.19790649414062,
            175.9019012451172
        ],
        "std": [
            10.990585327148438,
            28.140377044677734,
            20.31038475036621,
            9.743988990783691,
            28.227590560913086,
            10.72790241241455
        ],
        "count": [
            718
        ],
        "q01": [
            156.26867389385518,
            68.54577251794203,
            178.06206604003907,
            241.78531951904296,
            182.88996276855468,
            156.17751434326172
        ],
        "q10": [
            160.92812622070312,
            81.38698272705078,
            198.19703580416166,
            258.8372793344351,
            187.04683272417853,
            156.1811049551334
        ],
        "q50": [
            177.36753845214844,
            134.5631918711205,
            224.91071573893228,
            271.75799560546875,
            230.2855224609375,
            181.4951059352086
        ],
        "q90": [
            188.26497447620739,
            171.13061355064656,
            233.88313484838454,
            280.7216315451633,
            262.2561950683594,
            183.9559760016364
        ],
        "q99": [
            193.36218048095702,
            171.56551402124865,
            273.2465065220424,
            280.80910988031434,
            271.6770767211914,
            184.12977503067407
        ]
    },
    "action": {
        "min": [
            156.005859375,
            68.37890625,
            167.080078125,
            237.744140625,
            272.63671875,
            154.6875
        ],
        "max": [
            193.53515625,
            171.650390625,
            273.251953125,
            280.810546875,
            361.93359375,
            184.130859375
        ],
        "mean": [
            175.22007751464844,
            136.60525512695312,
            218.5790557861328,
            271.09161376953125,
            321.197998046875,
            175.9019012451172
        ],
        "std": [
            10.990585327148438,
            28.140377044677734,
            20.31038475036621,
            9.743988990783691,
            28.227453231811523,
            10.72790241241455
        ],
        "count": [
            718
        ],
        "q01": [
            156.26867389385518,
            68.54577251794203,
            178.06206604003907,
            241.78531951904296,
            272.8899627685547,
            156.17751434326172
        ],
        "q10": [
            160.92812622070312,
            81.38698272705078,
            198.19703580416166,
            258.8372793344351,
            277.0468184527229,
            156.1811049551334
        ],
        "q50": [
            177.36753845214844,
            134.5631918711205,
            224.91071573893228,
            271.75799560546875,
            320.2855224609375,
            181.4951059352086
        ],
        "q90": [
            188.26497447620739,
            171.13061355064656,
            233.88313484838454,
            280.7216315451633,
            352.2561950683594,
            183.9559760016364
        ],
        "q99": [
            193.36218048095702,
            171.56551402124865,
            273.2465065220424,
            280.80910988031434,
            361.6770767211914,
            184.12977503067407
        ]
    },
    "observation.images.side": {
        "min": [
            [
                [
                    0.0
                ]
            ],
            [
                [
                    0.0
                ]
            ],
            [
                [
                    0.0
                ]
            ]
        ],
        "max": [
            [
                [
                    1.0
                ]
            ],
            [
                [
                    1.0
                ]
            ],
            [
                [
                    1.0
                ]
            ]
        ],
        "mean": [
            [
                [
                    0.5307714031566733
                ]
            ],
            [
                [
                    0.5159723199062233
                ]
            ],
            [
                [
                    0.49272169828076157
                ]
            ]
        ],
        "std": [
            [
                [
                    0.0
                ]
            ],
            [
                [
                    0.0
                ]
            ],
            [
                [
                    0.0
                ]
            ]
        ],
        "count": [
            138
        ],
        "q01": [
            [
                [
                    -3.9215686274509807e-13
                ]
            ],
            [
                [
                    -3.9215686274509807e-13
                ]
            ],
            [
                [
                    0.031223894208478657
                ]
            ]
        ],
        "q10": [
            [
                [
                    0.10993264904858975
                ]
            ],
            [
                [
                    0.11761934855121649
                ]
            ],
            [
                [
                    0.1529539526086508
                ]
            ]
        ],
        "q50": [
            [
                [
                    0.6392218441467946
                ]
            ],
            [
                [
                    0.6078726918582849
                ]
            ],
            [
                [
                    0.5647165979642133
                ]
            ]
        ],
        "q90": [
            [
                [
                    0.7802385711157139
                ]
            ],
            [
                [
                    0.8392137914032413
                ]
            ],
            [
                [
                    0.8900355036236978
                ]
            ]
        ],
        "q99": [
            [
                [
                    0.8509073604063665
                ]
            ],
            [
                [
                    0.90181524808422
                ]
            ],
            [
                [
                    0.9568820104370515
                ]
            ]
        ]
    },
    "observation.images.downh": {
        "min": [
            [
                [
                    0.0
                ]
            ],
            [
                [
                    0.0
                ]
            ],
            [
                [
                    0.0
                ]
            ]
        ],
        "max": [
            [
                [
                    1.0
                ]
            ],
            [
                [
                    1.0
                ]
            ],
            [
                [
                    1.0
                ]
            ]
        ],
        "mean": [
            [
                [
                    0.6000746601780809
                ]
            ],
            [
                [
                    0.5732644809131382
                ]
            ],
            [
                [
                    0.5551284811025861
                ]
            ]
        ],