{
    "observation.state": {
        "min": [
            142.55859375,
            68.37890625,
            158.5546875,
            224.560546875,
            153.984375,
            154.51171875
        ],
        "max": [
            179.384765625,
            204.345703125,
            277.91015625,
            279.66796875,
            294.697265625,
            214.453125
        ],
        "mean": [
            150.10691833496094,
            153.7596435546875,
            205.72569274902344,
            264.7828674316406,
            184.82302856445312,
            174.1924285888672
        ],
        "std": [
            9.796862602233887,
            42.86447525024414,
            36.80385208129883,
            15.35644245147705,
            30.233531951904297,
            16.412290573120117
        ],
        "count": [
            787
        ],
        "q01": [
            142.55859375,
            68.54662465909632,
            158.63746089935302,
            228.5158255004883,
            154.1725590209961,
            155.29843048095702
        ],
        "q10": [
            142.64522590637208,
            73.2927459716797,
            165.75659942626953,
            237.13275756835938,
            157.15604400634766,
            155.8206463941887
        ],
        "q50": [
            148.09146554129464,
            159.71146979698767,
            214.80691528320312,
            267.8060836791992,
            180.79106378555298,
            178.24029133732157
        ],
        "q90": [
            160.92992295485277,
            199.07797272780846,
            273.7025177001953,
            279.5012924194336,
            222.5199966430664,
            198.7161071777344
        ],
        "q99": [
            179.30241487856264,
            204.18056953430175,
            277.90479009137835,
            279.663405456543,
            293.46264221191404,
            214.44757275749654
        ]
    },
    "action": {
        "min": [
            142.55859375,
            68.37890625,
            158.5546875,
            224.560546875,
            243.984375,
            154.51171875
        ],
        "max": [
            179.384765625,
            204.345703125,
            277.91015625,
            279.66796875,
            384.697265625,
            214.453125
        ],
        "mean": [
            150.10691833496094,
            153.7596435546875,
            205.72569274902344,
            264.7828674316406,
            274.8232116699219,
            174.1924285888672
        ],
        "std": [
            9.796862602233887,
            42.86447525024414,
            36.80385208129883,
            15.35644245147705,
            30.237730026245117,
            16.412290573120117
        ],
        "count": [
            787
        ],
        "q01": [
            142.55859375,
            68.54662465909632,
            158.63746089935302,
            228.5158255004883,
            244.1725590209961,
            155.29843048095702
        ],
        "q10": [
            142.64522590637208,
            73.2927459716797,
            165.75659942626953,
            237.13275756835938,
            247.15604400634766,
            155.8206463941887
        ],
        "q50": [
            148.09146554129464,
            159.71146979698767,
            214.80691528320312,
            267.8060836791992,
            270.79107093811035,
            178.24029133732157
        ],
        "q90": [
            160.92992295485277,
            199.07797272780846,
            273.7025177001953,
            279.5012924194336,
            312.5199859619141,
            198.7161071777344
        ],
        "q99": [
            179.30241487856264,
            204.18056953430175,
            277.90479009137835,
            279.663405456543,
            383.46264221191404,
            214.44757275749654
        ]
    },
    "observation.images.side": {
        "min": [
            [
                [
                    0.0
                ]
            ],
            [
                [
                    0.0
                ]
            ],
            [
                [
                    0.0
                ]
            ]
        ],
        "max": [
            [
                [
                    1.0
                ]
            ],
            [
                [
                    1.0
                ]
            ],
            [
                [
                    1.0
                ]
            ]
        ],
        "mean": [
            [
                [
                    0.5388348086137608
                ]
            ],
            [
                [
                    0.5157927058492316
                ]
            ],
            [
                [
                    0.491209411157481
                ]
            ]
        ],
        "std": [
            [
                [
                    0.0
                ]
            ],
            [
                [
                    0.0
                ]
            ],
            [
                [
                    0.0
                ]
            ]
        ],
        "count": [
            148
        ],
        "q01": [
            [
                [
                    0.007918313570101535
                ]
            ],
            [
                [
                    0.00796867724829134
                ]
            ],
            [
                [
                    0.035298397574343186
                ]
            ]
        ],
        "q10": [
            [
                [
                    0.1176134308925492
                ]
            ],
            [
                [
                    0.12159343924047068
                ]
            ],
            [
                [
                    0.16079456787472063
                ]
            ]
        ],
        "q50": [
            [
                [
                    0.6353899789030597
                ]
            ],
            [
                [
                    0.6038625723855949
                ]
            ],
            [
                [
                    0.5607078866769236
                ]
            ]
        ],
        "q90": [
            [
                [
                    0.7843248060369963
                ]
            ],
            [
                [
                    0.8275968695248451
                ]
            ],
            [
                [
                    0.8823816520053267
                ]
            ]
        ],
        "q99": [
            [
                [
                    0.870590781441072
                ]
            ],
            [
                [
                    0.8980830102625699
                ]
            ],
            [
                [
                    0.9606255598037473
                ]
            ]
        ]
    },
    "observation.images.downh": {
        "min": [
            [
                [
                    0.0
                ]
            ],
            [
                [
                    0.0
                ]
            ],
            [
                [
                    0.0
                ]
            ]
        ],
        "max": [
            [
                [
                    1.0
                ]
            ],
            [
                [
                    1.0
                ]
            ],
            [
                [
                    1.0
                ]
            ]
        ],
        "mean": [
            [
                [
                    0.5907400953343048
                ]
            ],
            [
                [
                    0.5630707168565625
                ]
            ],
            [
                [
                    0.5446218796921922
                ]
            ]
        ],