{
    "observation.state": {
        "min": [
            153.984375,
            68.642578125,
            150.8203125,
            206.455078125,
            194.23828125,
            154.248046875
        ],
        "max": [
            195.1171875,
            210.498046875,
            280.37109375,
            280.283203125,
            238.0078125,
            193.095703125
        ],
        "mean": [
            174.19464111328125,
            135.6845245361328,
            220.28285217285156,
            261.1207580566406,
            220.4549102783203,
            169.34140014648438
        ],
        "std": [
            15.073906898498535,
            48.979087829589844,
            44.13801193237305,
            17.960678100585938,
            16.93588638305664,
            16.900270462036133
        ],
        "count": [
            797
        ],
        "q01": [
            153.984375,
            68.642578125,
            150.92061435699463,
            207.25198303222658,
            194.23828125,
            155.21531608581543
        ],
        "q10": [
            154.16159679412843,
            68.642578125,
            152.40990142822267,
            242.48971550835503,
            194.3287587890625,
            155.3009478690929
        ],
        "q50": [
            179.20998726552622,
            143.78081692994095,
            227.8877050226385,
            262.70151829075166,
            230.44661712646484,
            156.79807945989793
        ],
        "q90": [
            194.9430396080017,
            203.73579940795898,
            273.78285437259575,
            279.8527519226074,
            235.7169174194336,
            193.09290218439577
        ],
        "q99": [
            195.11622354170856,
            210.48189846583776,
            280.2859997994559,
            280.1135140991211,
            237.91810508728028,
            193.09542303093957
        ]
    },
    "action": {
        "min": [
            153.984375,
            68.642578125,
            150.8203125,
            206.455078125,
            284.23828125,
            154.248046875
        ],
        "max": [
            195.1171875,
            210.498046875,
            280.37109375,
            280.283203125,
            328.0078125,
            193.095703125
        ],
        "mean": [
            174.19464111328125,
            135.6845245361328,
            220.28285217285156,
            261.1207580566406,
            310.454833984375,
            169.34140014648438
        ],
        "std": [
            15.073906898498535,
            48.979087829589844,
            44.13801193237305,
            17.960678100585938,
            16.929771423339844,
            16.900270462036133
        ],
        "count": [
            797
        ],
        "q01": [
            153.984375,
            68.642578125,
            150.92061435699463,
            207.25198303222658,
            284.23828125,
            155.21531608581543
        ],
        "q10": [
            154.16159679412843,
            68.642578125,
            152.40990142822267,
            242.48971550835503,
            284.3287435302734,
            155.3009478690929
        ],
        "q50": [
            179.20998726552622,
            143.78081692994095,
            227.8877050226385,
            262.70151829075166,
            320.44661712646484,
            156.79807945989793
        ],
        "q90": [
            194.9430396080017,
            203.73579940795898,
            273.78285437259575,
            279.8527519226074,
            325.7169219970703,
            193.09290218439577
        ],
        "q99": [
            195.11622354170856,
            210.48189846583776,
            280.2859997994559,
            280.1135140991211,
            327.9181203460693,
            193.09542303093957
        ]
    },
    "observation.images.side": {
        "min": [
            [
                [
                    0.0
                ]
            ],
            [
                [
                    0.0
                ]
            ],
            [
                [
                    0.0
                ]
            ]
        ],
        "max": [
            [
                [
                    1.0
                ]
            ],
            [
                [
                    1.0
                ]
            ],
            [
                [
                    1.0
                ]
            ]
        ],
        "mean": [
            [
                [
                    0.5635217701525055
                ]
            ],
            [
                [
                    0.5479441503267974
                ]
            ],
            [
                [
                    0.5221252342047931
                ]
            ]
        ],
        "std": [
            [
                [
                    0.0
                ]
            ],
            [
                [
                    0.0
                ]
            ],
            [
                [
                    0.0
                ]
            ]
        ],
        "count": [
            150
        ],
        "q01": [
            [
                [
                    0.003819366852497244
                ]
            ],
            [
                [
                    -3.9215686274509807e-13
                ]
            ],
            [
                [
                    0.03131692865743168
                ]
            ]
        ],
        "q10": [
            [
                [
                    0.13326516993450896
                ]
            ],
            [
                [
                    0.14113680091888753
                ]
            ],
            [
                [
                    0.1803065234014011
                ]
            ]
        ],
        "q50": [
            [
                [
                    0.6744300537256481
                ]
            ],
            [
                [
                    0.6431824231162324
                ]
            ],
            [
                [
                    0.5998835385950478
                ]
            ]
        ],
        "q90": [
            [
                [
                    0.8116361517438541
                ]
            ],
            [
                [
                    0.8627474557108008
                ]
            ],
            [
                [
                    0.913662071131674
                ]
            ]
        ],
        "q99": [
            [
                [
                    0.8823846558859711
                ]
            ],
            [
                [
                    0.9214487818700189
                ]
            ],
            [
                [
                    0.9883792566694936
                ]
            ]
        ]
    },
    "observation.images.downh": {
        "min": [
            [
                [
                    0.0
                ]
            ],
            [
                [
                    0.0
                ]
            ],
            [
                [
                    0.0
                ]
            ]
        ],
        "max": [
            [
                [
                    1.0
                ]
            ],
            [
                [
                    1.0
                ]
            ],
            [
                [
                    1.0
                ]
            ]
        ],
        "mean": [
            [
                [
                    0.5990997943899783
                ]
            ],
            [
                [
                    0.567183082788671
                ]
            ],
            [
                [
                    0.5477588167211329
                ]
            ]
        ],