{
    "observation.state": {
        "min": [
            144.4921875,
            68.203125,
            154.86328125,
            223.2421875,
            176.572265625,
            155.56640625
        ],
        "max": [
            180.87890625,
            210.9375,
            279.580078125,
            279.931640625,
            244.86328125,
            193.974609375
        ],
        "mean": [
            156.33700561523438,
            149.50344848632812,
            220.2581024169922,
            248.2702178955078,
            229.7641143798828,
            174.9505615234375
        ],
        "std": [
            9.842609405517578,
            41.925575256347656,
            35.835289001464844,
            18.546815872192383,
            18.898887634277344,
            13.407087326049805
        ],
        "count": [
            748
        ],
        "q01": [
            144.4921875,
            68.46684701670772,
            155.03981689453124,
            223.4188375854492,
            176.65494893391926,
            155.56640625
        ],
        "q10": [
            144.7596649169922,
            68.56323728208189,
            157.23924532803622,
            228.68689706975763,
            186.5151935924183,
            155.8324462890625
        ],
        "q50": [
            152.22799682617188,
            156.07873090108237,
            226.2511749267578,
            236.34729365298622,
            236.694703238351,
            173.40701293945312
        ],
        "q90": [
            172.00655869704028,
            207.4923052106585,
            276.32745971679685,
            277.99340380859377,
            244.24664467259458,
            190.98031005859374
        ],
        "q99": [
            180.87436935424805,
            210.92224657331195,
            279.5742500686645,
            279.92102600097655,
            244.69610900878905,
            193.96982518513997
        ]
    },
    "action": {
        "min": [
            144.4921875,
            68.203125,
            154.86328125,
            223.2421875,
            266.572265625,
            155.56640625
        ],
        "max": [
            180.87890625,
            210.9375,
            279.580078125,
            279.931640625,
            334.86328125,
            193.974609375
        ],
        "mean": [
            156.33700561523438,
            149.50344848632812,
            220.2581024169922,
            248.2702178955078,
            319.76458740234375,
            174.9505615234375
        ],
        "std": [
            9.842609405517578,
            41.925575256347656,
            35.835289001464844,
            18.546815872192383,
            18.895477294921875,
            13.407087326049805
        ],
        "count": [
            748
        ],
        "q01": [
            144.4921875,
            68.46684701670772,
            155.03981689453124,
            223.4188375854492,
            266.65493448893227,
            155.56640625
        ],
        "q10": [
            144.7596649169922,
            68.56323728208189,
            157.23924532803622,
            228.68689706975763,
            276.5151933149858,
            155.8324462890625
        ],
        "q50": [
            152.22799682617188,
            156.07873090108237,
            226.2511749267578,
            236.34729365298622,
            326.6947021484375,
            173.40701293945312
        ],
        "q90": [
            172.00655869704028,
            207.4923052106585,
            276.32745971679685,
            277.99340380859377,
            334.2466424239309,
            190.98031005859374
        ],
        "q99": [
            180.87436935424805,
            210.92224657331195,
            279.5742500686645,
            279.92102600097655,
            334.69612060546876,
            193.96982518513997
        ]
    },
    "observation.images.side": {
        "min": [
            [
                [
                    0.0
                ]
            ],
            [
                [
                    0.0
                ]
            ],
            [
                [
                    0.0
                ]
            ]
        ],
        "max": [
            [
                [
                    1.0
                ]
            ],
            [
                [
                    1.0
                ]
            ],
            [
                [
                    1.0
                ]
            ]
        ],
        "mean": [
            [
                [
                    0.5356297448466566
                ]
            ],
            [
                [
                    0.5167448195187166
                ]
            ],
            [
                [
                    0.4983073837926779
                ]
            ]
        ],
        "std": [
            [
                [
                    0.0
                ]
            ],
            [
                [
                    0.0
                ]
            ],
            [
                [
                    0.0
                ]
            ]
        ],
        "count": [
            143
        ],
        "q01": [
            [
                [
                    0.003820647772890191
                ]
            ],
            [
                [
                    0.003906746031356938
                ]
            ],
            [
                [
                    0.03934619140588869
                ]
            ]
        ],
        "q10": [
            [
                [
                    0.10998934770216627
                ]
            ],
            [
                [
                    0.11778567804609527
                ]
            ],
            [
                [
                    0.16465569427831692
                ]
            ]
        ],
        "q50": [
            [
                [
                    0.6313792983956218
                ]
            ],
            [
                [
                    0.60793364241459
                ]
            ],
            [
                [
                    0.5764839381899054
                ]
            ]
        ],
        "q90": [
            [
                [
                    0.7803288316085
                ]
            ],
            [
                [
                    0.8312833039242997
                ]
            ],
            [
                [
                    0.8863853133636882
                ]
            ]
        ],
        "q99": [
            [
                [
                    0.8589550887576779
                ]
            ],
            [
                [
                    0.8940829250723551
                ]
            ],
            [
                [
                    0.9529486995519246
                ]
            ]
        ]
    },
    "observation.images.down": {
        "min": [
            [
                [
                    0.0
                ]
            ],
            [
                [
                    0.0
                ]
            ],
            [
                [
                    0.0
                ]
            ]
        ],
        "max": [
            [
                [
                    1.0
                ]
            ],
            [
                [
                    1.0
                ]
            ],
            [
                [
                    1.0
                ]
            ]
        ],
        "mean": [
            [
                [
                    0.5960396370377987
                ]
            ],
            [
                [
                    0.570274535513506
                ]
            ],
            [
                [
                    0.5524562765665707
                ]
            ]
        ],