{
    "observation.state": {
        "min": [
            165.9375,
            68.5546875,
            186.6796875,
            248.37890625,
            175.25390625,
            155.390625
        ],
        "max": [
            180.615234375,
            193.798828125,
            273.69140625,
            270.615234375,
            203.203125,
            187.3828125
        ],
        "mean": [
            175.45095825195312,
            146.9941864013672,
            217.875,
            258.0907897949219,
            183.21356201171875,
            172.36097717285156
        ],
        "std": [
            3.5539920330047607,
            46.90132522583008,
            32.33479690551758,
            5.859020709991455,
            10.32404613494873,
            11.142279624938965
        ],
        "count": [
            800
        ],
        "q01": [
            166.11363220214844,
            68.5546875,
            186.6796875,
            248.37890625,
            175.25390625,
            155.390625
        ],
        "q10": [
            171.99947724518952,
            68.5546875,
            186.94196319580078,
            248.37890625,
            177.3617232473273,
            155.390625
        ],
        "q50": [
            175.25450788225447,
            163.4819704253098,
            211.8124008178711,
            260.06680976019965,
            177.71561345280827,
            172.08791306439568
        ],
        "q90": [
            180.35296217217504,
            188.3535895714393,
            273.6811738855699,
            260.5995817638579,
            203.1997908407183,
            187.29677338295795
        ],
        "q99": [
            180.5296147664388,
            193.4455808981871,
            273.690383013557,
            270.5307312011719,
            203.20279158407183,
            187.38146651418586
        ]
    },
    "action": {
        "min": [
            165.9375,
            68.5546875,
            186.6796875,
            248.37890625,
            265.25390625,
            155.390625
        ],
        "max": [
            180.615234375,
            193.798828125,
            273.69140625,
            270.615234375,
            293.203125,
            187.3828125
        ],
        "mean": [
            175.45095825195312,
            146.9941864013672,
            217.875,
            258.0907897949219,
            273.2128601074219,
            172.36097717285156
        ],
        "std": [
            3.5539920330047607,
            46.90132522583008,
            32.33479690551758,
            5.859020709991455,
            10.360682487487793,
            11.142279624938965
        ],
        "count": [
            800
        ],
        "q01": [
            166.11363220214844,
            68.5546875,
            186.6796875,
            248.37890625,
            265.25390625,
            155.390625
        ],
        "q10": [
            171.99947724518952,
            68.5546875,
            186.94196319580078,
            248.37890625,
            267.36171039782073,
            155.390625
        ],
        "q50": [
            175.25450788225447,
            163.4819704253098,
            211.8124008178711,
            260.06680976019965,
            267.71561345280827,
            172.08791306439568
        ],
        "q90": [
            180.35296217217504,
            188.3535895714393,
            273.6811738855699,
            260.5995817638579,
            293.19979084071826,
            187.29677338295795
        ],
        "q99": [
            180.5296147664388,
            193.4455808981871,
            273.690383013557,
            270.5307312011719,
            293.2027915840718,
            187.38146651418586
        ]
    },
    "observation.images.side": {
        "min": [
            [
                [
                    0.0
                ]
            ],
            [
                [
                    0.0
                ]
            ],
            [
                [
                    0.0
                ]
            ]
        ],
        "max": [
            [
                [
                    1.0
                ]
            ],
            [
                [
                    1.0
                ]
            ],
            [
                [
                    1.0
                ]
            ]
        ],
        "mean": [
            [
                [
                    0.5483051824618735
                ]
            ],
            [
                [
                    0.5289058850762527
                ]
            ],
            [
                [
                    0.505945558278867
                ]
            ]
        ],
        "std": [
            [
                [
                    0.0
                ]
            ],
            [
                [
                    0.0
                ]
            ],
            [
                [
                    0.0
                ]
            ]
        ],
        "count": [
            150
        ],
        "q01": [
            [
                [
                    -3.9215686274509807e-13
                ]
            ],
            [
                [
                    -3.9215686274509807e-13
                ]
            ],
            [
                [
                    0.027456759025657924
                ]
            ]
        ],
        "q10": [
            [
                [
                    0.11768414849262457
                ]
            ],
            [
                [
                    0.12149425831172359
                ]
            ],
            [
                [
                    0.16470515878797054
                ]
            ]
        ],
        "q50": [
            [
                [
                    0.6508777642719712
                ]
            ],
            [
                [
                    0.6274006956633733
                ]
            ],
            [
                [
                    0.5920918914433455
                ]
            ]
        ],
        "q90": [
            [
                [
                    0.784248914715656
                ]
            ],
            [
                [
                    0.8392254082575309
                ]
            ],
            [
                [
                    0.8901209582127884
                ]
            ]
        ],
        "q99": [
            [
                [
                    0.8626677614523155
                ]
            ],
            [
                [
                    0.898116690326818
                ]
            ],
            [
                [
                    0.9568838906871615
                ]
            ]
        ]
    },
    "observation.images.down": {
        "min": [
            [
                [
                    0.0
                ]
            ],
            [
                [
                    0.0
                ]
            ],
            [
                [
                    0.0
                ]
            ]
        ],
        "max": [
            [
                [
                    1.0
                ]
            ],
            [
                [
                    1.0
                ]
            ],
            [
                [
                    1.0
                ]
            ]
        ],
        "mean": [
            [
                [
                    0.6057803131808278
                ]
            ],
            [
                [
                    0.5722397589869281
                ]
            ],
            [
                [
                    0.5484347971132898
                ]
            ]
        ],